"","Name","Team","G","PA","HR","R","RBI","SB","ISO","BABIP","AVG","OBP","SLG","wOBA","wRC+","BsR","Off","Def","WAR","Date","BB.PCT","K.PCT","wRC.PLUS","Position"
"1","Russell Martin","Blue Jays",52,207,9,33,28,3,0.223,0.308,0.274,0.362,0.497,0.373,140,0.6,9.9,6.9,2.6,2015-06-11,0.111,0.203,140,"C"
"2","Stephen Vogt","Athletics",57,213,11,28,40,0,0.253,0.305,0.293,0.394,0.546,0.395,162,-1.9,12.6,2.6,2.4,2015-06-11,0.15,0.178,162,"C"
"3","Buster Posey","Giants",56,235,9,27,34,0,0.171,0.294,0.295,0.366,0.467,0.362,135,-1.3,8.3,4.5,2.2,2015-06-11,0.102,0.094,135,"C"
"4","Brian McCann","Yankees",49,196,9,25,38,0,0.213,0.276,0.264,0.327,0.477,0.345,121,-1.8,2.8,5.3,1.6,2015-06-11,0.066,0.179,121,"C"
"5","Derek Norris","Padres",57,228,6,33,36,1,0.178,0.323,0.271,0.316,0.449,0.333,115,-1.3,2.6,4.8,1.6,2015-06-11,0.057,0.206,115,"C"
"6","Salvador Perez","Royals",54,204,9,18,28,1,0.186,0.294,0.286,0.299,0.472,0.331,113,-3.3,-0.3,4.9,1.2,2015-06-11,0.02,0.137,113,"C"
"7","Yadier Molina","Cardinals",55,215,0,12,20,0,0.051,0.322,0.279,0.327,0.33,0.29,82,-1,-5.5,5.1,0.7,2015-06-11,0.07,0.13,82,"C"
"8","Wilson Ramos","Nationals",46,183,4,16,24,0,0.114,0.29,0.263,0.284,0.377,0.288,79,-0.4,-4.8,3.4,0.5,2015-06-11,0.033,0.153,79,"C"
"9","Paul Goldschmidt","Diamondbacks",59,260,17,46,49,9,0.316,0.396,0.349,0.469,0.665,0.469,197,1.2,30.5,-7.3,3.4,2015-06-11,0.185,0.196,197,"1B"
"10","Anthony Rizzo","Cubs",57,255,11,34,37,10,0.264,0.333,0.327,0.443,0.591,0.44,179,-0.8,22.8,-4.4,2.8,2015-06-11,0.125,0.11,179,"1B"
"11","Adrian Gonzalez","Dodgers",59,245,11,37,39,0,0.252,0.348,0.318,0.4,0.57,0.412,166,-0.5,18.4,-3.2,2.4,2015-06-11,0.11,0.163,166,"1B"
"12","Miguel Cabrera","Tigers",59,253,12,32,39,1,0.231,0.361,0.325,0.431,0.557,0.416,172,-1.1,19.1,-5,2.4,2015-06-11,0.15,0.17,172,"1B"
"13","Joey Votto","Reds",57,248,13,33,35,5,0.256,0.331,0.299,0.403,0.555,0.41,160,-1.2,16.2,-3,2.3,2015-06-11,0.145,0.19,160,"1B"
"14","Lucas Duda","Mets",58,242,9,32,26,0,0.215,0.331,0.273,0.38,0.488,0.379,145,1.1,13.8,-1.5,2.1,2015-06-11,0.112,0.227,145,"1B"
"15","Logan Forsythe","Rays",59,232,7,25,26,4,0.176,0.301,0.275,0.358,0.451,0.355,136,0.3,9.6,1,2,2015-06-11,0.091,0.151,136,"1B"
"16","Brandon Belt","Giants",54,213,8,28,28,2,0.222,0.381,0.296,0.371,0.519,0.382,149,0.2,12.3,-1.4,1.9,2015-06-11,0.099,0.263,149,"1B"
"17","Eric Hosmer","Royals",57,242,7,33,36,3,0.178,0.348,0.3,0.373,0.479,0.367,138,1.2,11.5,-2.4,1.8,2015-06-11,0.103,0.182,138,"1B"
"18","Freddie Freeman","Braves",59,250,10,38,35,2,0.209,0.363,0.298,0.364,0.507,0.377,139,0.6,12.1,-4.2,1.7,2015-06-11,0.088,0.236,139,"1B"
"19","Mark Teixeira","Yankees",56,233,17,30,45,1,0.323,0.205,0.245,0.361,0.568,0.388,152,-2.1,11.2,-3.4,1.7,2015-06-11,0.146,0.142,152,"1B"
"20","Albert Pujols","Angels",56,234,16,32,30,1,0.259,0.233,0.264,0.316,0.523,0.359,139,-1.6,8.5,-1.3,1.6,2015-06-11,0.06,0.107,139,"1B"
"21","Carlos Santana","Indians",51,231,6,30,28,3,0.154,0.248,0.231,0.381,0.385,0.344,126,1.7,8.3,-4.5,1.2,2015-06-11,0.195,0.147,126,"1B"
"22","Jose Abreu","White Sox",54,230,11,31,37,0,0.217,0.31,0.283,0.339,0.5,0.36,131,-1.8,6.1,-4.2,1,2015-06-11,0.052,0.187,131,"1B"
"23","Adam Lind","Brewers",56,214,9,21,31,0,0.211,0.317,0.279,0.355,0.489,0.363,127,-1.9,4.8,-2.7,0.9,2015-06-11,0.107,0.201,127,"1B"
"24","Adam LaRoche","White Sox",55,221,8,25,24,0,0.176,0.322,0.246,0.362,0.422,0.35,123,-0.7,5,-5.3,0.8,2015-06-11,0.145,0.276,123,"1B"
"25","Chris Davis","Orioles",57,231,12,28,33,0,0.241,0.283,0.221,0.312,0.462,0.335,115,-1.1,2.6,-3.6,0.7,2015-06-11,0.113,0.338,115,"1B"
"26","Edwin Encarnacion","Blue Jays",57,233,13,33,36,1,0.233,0.228,0.228,0.313,0.46,0.335,114,-0.6,3,-4.8,0.6,2015-06-11,0.112,0.206,114,"1B"
"27","Ryan Howard","Phillies",55,217,11,21,28,0,0.24,0.281,0.24,0.278,0.48,0.324,104,-0.7,0.3,-4.2,0.3,2015-06-11,0.041,0.272,104,"1B"
"28","Chris Carter","Astros",59,232,10,22,30,1,0.189,0.271,0.199,0.31,0.388,0.311,100,0.3,0.2,-5.5,0.3,2015-06-11,0.129,0.353,100,"1B"
"29","Mike Napoli","Red Sox",55,220,9,22,25,1,0.188,0.242,0.208,0.309,0.396,0.312,96,-1.2,-2.1,-3.6,0.2,2015-06-11,0.127,0.25,96,"1B"
"30","Logan Morrison","Mariners",57,231,6,18,17,2,0.134,0.281,0.258,0.329,0.392,0.315,106,0.4,1.9,-8,0.2,2015-06-11,0.091,0.139,106,"1B"
"31","Pedro Alvarez","Pirates",56,204,10,27,28,0,0.22,0.272,0.242,0.314,0.462,0.328,109,0,2.1,-8.8,-0.1,2015-06-11,0.098,0.24,109,"1B"
"32","Yangervis Solarte","Padres",56,193,2,15,24,1,0.1,0.268,0.244,0.295,0.344,0.284,82,-1,-5,-4.2,-0.4,2015-06-11,0.062,0.109,82,"1B"
"33","Joe Mauer","Twins",58,243,2,24,34,1,0.096,0.302,0.26,0.321,0.356,0.29,85,-2.2,-6.4,-5.2,-0.4,2015-06-11,0.082,0.156,85,"1B"
"34","Ryan Zimmerman","Nationals",56,234,5,22,34,1,0.137,0.228,0.209,0.265,0.346,0.268,66,-0.1,-9.5,-2.7,-0.5,2015-06-11,0.073,0.171,66,"1B"
"35","Jason Kipnis","Indians",58,275,5,41,27,8,0.177,0.376,0.333,0.41,0.511,0.397,163,1.7,21,4.4,3.7,2015-06-11,0.098,0.138,163,"2B"
"36","Dee Gordon","Marlins",57,261,0,32,16,20,0.065,0.417,0.356,0.381,0.421,0.349,120,3.7,9.7,7.7,2.7,2015-06-11,0.038,0.146,120,"2B"
"37","Joe Panik","Giants",57,244,6,32,25,2,0.162,0.352,0.324,0.388,0.486,0.381,148,0.2,13.9,1.1,2.4,2015-06-11,0.086,0.123,148,"2B"
"38","Brian Dozier","Twins",58,258,11,47,28,3,0.252,0.289,0.261,0.341,0.513,0.366,138,1.3,12.1,0.6,2.3,2015-06-11,0.097,0.202,138,"2B"
"39","Logan Forsythe","Rays",59,232,7,25,26,4,0.176,0.301,0.275,0.358,0.451,0.355,136,0.3,9.6,1,2,2015-06-11,0.091,0.151,136,"2B"
"40","Kolten Wong","Cardinals",60,244,7,35,27,4,0.161,0.33,0.3,0.352,0.462,0.352,124,-0.2,6.7,3.8,1.9,2015-06-11,0.07,0.148,124,"2B"
"41","Dustin Pedroia","Red Sox",59,267,8,28,23,1,0.148,0.332,0.312,0.376,0.46,0.365,134,-0.7,9.2,-0.5,1.9,2015-06-11,0.09,0.124,134,"2B"
"42","Ian Kinsler","Tigers",59,259,1,34,25,6,0.091,0.317,0.281,0.351,0.372,0.322,105,1.4,2.9,4.6,1.7,2015-06-11,0.1,0.116,105,"2B"
"43","DJ LeMahieu","Rockies",56,222,3,28,29,5,0.103,0.41,0.348,0.398,0.451,0.371,119,-0.4,4.5,2.6,1.5,2015-06-11,0.077,0.158,119,"2B"
"44","Jose Altuve","Astros",60,266,5,26,27,17,0.106,0.304,0.289,0.328,0.394,0.309,98,0.3,-0.2,3.7,1.3,2015-06-11,0.056,0.102,98,"2B"
"45","Howie Kendrick","Dodgers",56,233,6,31,28,2,0.15,0.339,0.294,0.352,0.444,0.348,123,0.2,6.5,-2.1,1.2,2015-06-11,0.077,0.172,123,"2B"
"46","Jace Peterson","Braves",54,214,1,22,22,6,0.074,0.323,0.27,0.343,0.344,0.306,92,1.1,-0.9,4.6,1.1,2015-06-11,0.103,0.164,92,"2B"
"47","Brandon Phillips","Reds",52,210,3,27,25,8,0.077,0.339,0.308,0.349,0.385,0.323,102,3.1,3.5,0.1,1.1,2015-06-11,0.057,0.119,102,"2B"
"48","Neil Walker","Pirates",56,234,4,24,23,2,0.13,0.311,0.26,0.316,0.391,0.311,97,1.8,1.1,-1.5,0.7,2015-06-11,0.056,0.192,97,"2B"
"49","Daniel Murphy","Mets",55,215,4,16,29,1,0.131,0.291,0.283,0.335,0.414,0.322,107,-1.2,0.6,-1.6,0.6,2015-06-11,0.07,0.074,107,"2B"
"50","Johnny Giavotella","Angels",58,204,2,21,21,1,0.089,0.307,0.272,0.33,0.361,0.306,102,0.6,0.9,-2.1,0.6,2015-06-11,0.078,0.137,102,"2B"
"51","Eric Sogard","Athletics",55,194,0,17,13,2,0.038,0.295,0.251,0.286,0.29,0.258,65,1.6,-5.9,-0.7,0,2015-06-11,0.041,0.139,65,"2B"
"52","Stephen Drew","Yankees",54,197,9,17,21,0,0.196,0.161,0.173,0.235,0.369,0.264,64,-2,-10,2.4,-0.1,2015-06-11,0.076,0.178,64,"2B"
"53","Robinson Cano","Mariners",57,247,2,24,19,1,0.087,0.282,0.238,0.279,0.325,0.266,71,-1.6,-9.5,-1.6,-0.3,2015-06-11,0.053,0.174,71,"2B"
"54","Chris Owings","Diamondbacks",51,210,2,23,15,7,0.085,0.317,0.241,0.257,0.327,0.253,52,2.3,-9.5,-1.2,-0.5,2015-06-11,0.024,0.257,52,"2B"
"55","Omar Infante","Royals",51,190,0,13,17,0,0.082,0.245,0.212,0.221,0.293,0.222,36,-0.5,-13.9,2.9,-0.5,2015-06-11,0.016,0.147,36,"2B"
"56","Chase Utley","Phillies",56,216,4,17,24,1,0.111,0.193,0.185,0.264,0.296,0.244,50,1,-11.7,-2.5,-0.8,2015-06-11,0.088,0.134,50,"2B"
"57","Brandon Crawford","Giants",59,228,8,29,38,3,0.2,0.333,0.288,0.36,0.488,0.366,138,1.6,11.7,3.4,2.4,2015-06-11,0.075,0.193,138,"SS"
"58","Jhonny Peralta","Cardinals",59,247,10,30,35,1,0.207,0.359,0.315,0.377,0.523,0.386,147,-5.8,7.7,2.8,2,2015-06-11,0.089,0.19,147,"SS"
"59","Adeiny Hechavarria","Marlins",57,220,3,30,25,1,0.115,0.351,0.303,0.332,0.418,0.324,103,0.6,1.3,6.9,1.6,2015-06-11,0.041,0.164,103,"SS"
"60","Zack Cozart","Reds",53,214,9,28,28,3,0.201,0.258,0.258,0.31,0.459,0.331,107,0.2,1.8,6.3,1.6,2015-06-11,0.065,0.136,107,"SS"
"61","Brad Miller","Mariners",55,193,5,19,15,5,0.172,0.289,0.237,0.319,0.408,0.32,109,-0.1,1.9,6.1,1.5,2015-06-11,0.104,0.228,109,"SS"
"62","Xander Bogaerts","Red Sox",57,213,2,23,21,4,0.102,0.339,0.296,0.341,0.398,0.325,106,0.7,2.1,4.6,1.5,2015-06-11,0.061,0.141,106,"SS"
"63","Andrelton Simmons","Braves",59,246,3,37,27,1,0.115,0.277,0.264,0.321,0.379,0.31,95,-0.8,-2.3,7.2,1.4,2015-06-11,0.061,0.073,95,"SS"
"64","Marcus Semien","Athletics",60,246,6,27,16,7,0.145,0.331,0.276,0.327,0.421,0.328,114,0,3.9,-3.3,0.9,2015-06-11,0.069,0.203,114,"SS"
"65","Wilmer Flores","Mets",54,206,9,26,27,0,0.174,0.247,0.251,0.279,0.426,0.307,97,0.6,-0.2,1.5,0.8,2015-06-11,0.024,0.121,97,"SS"
"66","Alcides Escobar","Royals",48,217,2,28,18,4,0.09,0.288,0.265,0.296,0.355,0.286,81,1.1,-3.5,3.9,0.8,2015-06-11,0.032,0.111,81,"SS"
"67","Troy Tulowitzki","Rockies",52,201,7,30,32,0,0.2,0.361,0.311,0.338,0.511,0.362,113,-1.5,1.5,-0.3,0.8,2015-06-11,0.045,0.204,113,"SS"
"68","Erick Aybar","Angels",57,238,1,27,18,3,0.05,0.319,0.271,0.314,0.321,0.284,86,1.6,-2.1,1.6,0.8,2015-06-11,0.05,0.151,86,"SS"
"69","Freddy Galvis","Phillies",54,216,1,23,12,5,0.04,0.305,0.259,0.307,0.299,0.273,70,1.6,-6.1,5.9,0.7,2015-06-11,0.056,0.153,70,"SS"
"70","Asdrubal Cabrera","Rays",57,215,2,15,13,3,0.106,0.27,0.211,0.27,0.317,0.258,67,0.2,-7.6,4.6,0.4,2015-06-11,0.065,0.228,67,"SS"
"71","Jean Segura","Brewers",45,188,3,22,16,7,0.118,0.315,0.281,0.316,0.399,0.309,91,1.2,-0.7,-1,0.4,2015-06-11,0.032,0.138,91,"SS"
"72","Jimmy Rollins","Dodgers",59,237,7,29,18,6,0.144,0.215,0.204,0.267,0.347,0.272,73,-0.4,-8,1.7,0.1,2015-06-11,0.08,0.16,73,"SS"
"73","Didi Gregorius","Yankees",53,185,2,15,13,3,0.071,0.27,0.232,0.288,0.304,0.266,65,-1.1,-8.2,2.7,0.1,2015-06-11,0.059,0.168,65,"SS"
"74","Ian Desmond","Nationals",59,252,5,28,17,1,0.136,0.305,0.234,0.277,0.37,0.285,77,1,-5.7,-2.5,-0.1,2015-06-11,0.048,0.262,77,"SS"
"75","Elvis Andrus","Rangers",58,255,2,24,20,8,0.076,0.263,0.233,0.299,0.309,0.271,66,0.3,-9.4,-2,-0.3,2015-06-11,0.09,0.141,66,"SS"
"76","Starlin Castro","Cubs",56,241,4,21,27,4,0.083,0.313,0.268,0.303,0.351,0.284,75,-2.1,-9.1,-2.4,-0.4,2015-06-11,0.041,0.178,75,"SS"
"77","Danny Santana","Twins",49,188,0,21,11,4,0.073,0.3,0.218,0.235,0.291,0.23,42,1.8,-10.3,-1.1,-0.6,2015-06-11,0.011,0.261,42,"SS"
"78","Alexei Ramirez","White Sox",57,225,2,18,22,7,0.084,0.257,0.234,0.253,0.318,0.249,53,-3.1,-14.9,1.6,-0.6,2015-06-11,0.027,0.129,53,"SS"
"79","Josh Donaldson","Blue Jays",61,268,17,50,44,3,0.275,0.326,0.317,0.371,0.592,0.41,167,3.1,22.9,3.5,3.8,2015-06-11,0.075,0.172,167,"3B"
"80","Todd Frazier","Reds",57,248,17,41,37,6,0.311,0.294,0.293,0.363,0.604,0.412,161,0,17.8,3.6,3.1,2015-06-11,0.085,0.173,161,"3B"
"81","Matt Carpenter","Cardinals",55,244,8,39,31,1,0.211,0.348,0.297,0.385,0.507,0.384,145,0.6,13.4,-0.5,2.2,2015-06-11,0.123,0.201,145,"3B"
"82","Kris Bryant","Cubs",49,217,7,32,34,5,0.183,0.387,0.278,0.392,0.461,0.375,136,2.7,11.8,2,2.2,2015-06-11,0.143,0.295,136,"3B"
"83","Mike Moustakas","Royals",54,232,5,31,20,1,0.137,0.343,0.318,0.37,0.455,0.362,135,-3.3,5.6,5.9,2.1,2015-06-11,0.047,0.112,135,"3B"
"84","Evan Longoria","Rays",58,233,6,29,26,1,0.153,0.314,0.272,0.352,0.426,0.337,123,-0.2,5.8,4.6,2,2015-06-11,0.107,0.189,123,"3B"
"85","Kyle Seager","Mariners",59,238,10,24,34,1,0.202,0.291,0.28,0.336,0.482,0.35,130,-1.7,6.2,3.6,1.9,2015-06-11,0.076,0.143,130,"3B"
"86","Nolan Arenado","Rockies",56,233,15,31,47,0,0.284,0.263,0.279,0.313,0.563,0.367,116,-0.6,3.7,6.8,1.9,2015-06-11,0.043,0.146,116,"3B"
"87","Manny Machado","Orioles",58,245,9,31,25,8,0.185,0.3,0.27,0.324,0.455,0.338,116,-1.9,2.6,4.1,1.6,2015-06-11,0.078,0.188,116,"3B"
"88","Trevor Plouffe","Twins",55,230,9,24,32,0,0.197,0.285,0.25,0.317,0.447,0.333,115,0.1,3.9,2,1.4,2015-06-11,0.091,0.213,115,"3B"
"89","Adrian Beltre","Rangers",51,221,6,27,18,1,0.15,0.258,0.257,0.294,0.408,0.301,87,1.2,-1.9,5.8,1.2,2015-06-11,0.045,0.095,87,"3B"
"90","Yunel Escobar","Nationals",53,223,2,28,15,1,0.074,0.37,0.325,0.381,0.399,0.347,118,-1.1,3.7,-1.8,0.9,2015-06-11,0.076,0.13,118,"3B"
"91","Martin Prado","Marlins",59,257,3,22,23,0,0.087,0.308,0.277,0.313,0.364,0.299,86,0.3,-4,4,0.9,2015-06-11,0.039,0.125,86,"3B"
"92","David Freese","Angels",59,235,9,25,32,1,0.192,0.268,0.238,0.294,0.43,0.314,107,0.4,2.3,-3.5,0.7,2015-06-11,0.064,0.217,107,"3B"
"93","Will Middlebrooks","Padres",57,203,8,20,26,2,0.169,0.255,0.233,0.266,0.402,0.288,85,1.4,-2.2,1.7,0.6,2015-06-11,0.049,0.217,85,"3B"
"94","Daniel Murphy","Mets",55,215,4,16,29,1,0.131,0.291,0.283,0.335,0.414,0.322,107,-1.2,0.6,-1.6,0.6,2015-06-11,0.07,0.074,107,"3B"
"95","Brett Lawrie","Athletics",57,228,5,18,24,2,0.121,0.367,0.274,0.305,0.395,0.305,98,1.7,1.3,-3.3,0.6,2015-06-11,0.035,0.281,98,"3B"
"96","Lonnie Chisenhall","Indians",52,189,4,19,19,0,0.136,0.231,0.209,0.241,0.345,0.253,61,3.3,-4.9,3.3,0.5,2015-06-11,0.037,0.169,61,"3B"
"97","Josh Harrison","Pirates",53,227,4,30,18,4,0.127,0.291,0.259,0.298,0.387,0.299,89,0.4,-2.4,-0.8,0.4,2015-06-11,0.035,0.15,89,"3B"
"98","Luis Valbuena","Astros",53,221,12,30,21,1,0.21,0.171,0.18,0.249,0.39,0.28,78,-0.6,-6,-0.6,0.1,2015-06-11,0.072,0.226,78,"3B"
"99","Chase Headley","Yankees",58,239,6,24,24,0,0.127,0.289,0.245,0.293,0.373,0.292,84,0,-4.3,-5.5,-0.2,2015-06-11,0.059,0.213,84,"3B"
"100","Pablo Sandoval","Red Sox",52,204,5,18,17,0,0.107,0.263,0.241,0.304,0.348,0.292,83,-1.6,-5.5,-3.8,-0.3,2015-06-11,0.059,0.147,83,"3B"
"101","Nick Castellanos","Tigers",59,232,4,13,26,0,0.117,0.292,0.23,0.28,0.347,0.274,72,-3.6,-10.8,0.3,-0.3,2015-06-11,0.069,0.25,72,"3B"
"102","Bryce Harper","Nationals",58,246,20,45,47,3,0.385,0.349,0.328,0.463,0.713,0.486,212,0,32.1,-1.3,4.1,2015-06-11,0.199,0.203,212,"RF"
"103","Giancarlo Stanton","Marlins",59,257,21,38,51,4,0.335,0.274,0.246,0.331,0.58,0.381,141,0.9,13.2,3.8,2.7,2015-06-11,0.113,0.319,141,"RF"
"104","Josh Reddick","Athletics",54,221,8,26,33,3,0.202,0.317,0.308,0.38,0.51,0.387,156,1.3,15,-2.1,2.2,2015-06-11,0.104,0.104,156,"RF"
"105","Nelson Cruz","Mariners",58,244,18,33,39,1,0.281,0.382,0.326,0.381,0.607,0.42,180,-0.4,21.2,-10.6,2,2015-06-11,0.078,0.254,180,"RF"
"106","Jose Bautista","Blue Jays",54,228,11,40,37,3,0.265,0.259,0.254,0.39,0.519,0.391,153,0.5,13.8,-3.6,1.9,2015-06-11,0.18,0.171,153,"RF"
"107","George Springer","Astros",55,240,8,27,19,13,0.179,0.326,0.254,0.364,0.433,0.352,129,3.5,11.2,-4,1.6,2015-06-11,0.146,0.263,129,"RF"
"108","Seth Smith","Mariners",52,183,5,20,16,0,0.228,0.325,0.265,0.339,0.494,0.358,136,0,7.3,-0.3,1.4,2015-06-11,0.098,0.23,136,"RF"
"109","Andre Ethier","Dodgers",56,187,8,26,26,1,0.22,0.305,0.287,0.369,0.506,0.376,142,0,9.2,-2.3,1.4,2015-06-11,0.107,0.155,142,"RF"
"110","Brandon Moss","Indians",53,218,10,24,33,0,0.228,0.295,0.249,0.321,0.477,0.343,125,0.1,6.1,-1.1,1.3,2015-06-11,0.096,0.261,125,"RF"
"111","J.D. Martinez","Tigers",59,246,10,32,27,2,0.187,0.327,0.258,0.317,0.444,0.331,112,-1.2,2.1,0.5,1.2,2015-06-11,0.073,0.28,112,"RF"
"112","Nick Markakis","Braves",58,253,0,25,17,1,0.068,0.36,0.308,0.395,0.376,0.343,117,-0.6,4.5,-2.1,1.1,2015-06-11,0.123,0.126,117,"RF"
"113","Gregory Polanco","Pirates",56,224,3,34,15,16,0.108,0.314,0.255,0.317,0.363,0.297,88,4.9,1.7,1.4,1.1,2015-06-11,0.085,0.205,88,"RF"
"114","Kole Calhoun","Angels",56,236,5,24,29,4,0.123,0.327,0.269,0.329,0.392,0.316,109,-0.3,2,0.1,1.1,2015-06-11,0.081,0.212,109,"RF"
"115","Torii Hunter","Twins",54,230,8,30,36,1,0.163,0.289,0.268,0.326,0.431,0.329,112,0.4,3.5,-1.7,1,2015-06-11,0.083,0.161,112,"RF"
"116","Curtis Granderson","Mets",60,244,8,31,19,4,0.155,0.281,0.237,0.344,0.391,0.327,110,0.1,3,-2.4,0.9,2015-06-11,0.135,0.225,110,"RF"
"117","Ryan Braun","Brewers",56,224,13,32,40,6,0.236,0.273,0.261,0.332,0.497,0.356,122,-2.2,3.6,-2.4,0.9,2015-06-11,0.094,0.201,122,"RF"
"118","Steven Souza","Rays",55,221,11,28,26,7,0.216,0.291,0.211,0.305,0.428,0.323,113,2,5.2,-5.4,0.8,2015-06-11,0.109,0.362,113,"RF"
"119","Ender Inciarte","Diamondbacks",59,255,2,37,20,8,0.088,0.321,0.292,0.319,0.379,0.306,87,-0.5,-4.3,3.5,0.8,2015-06-11,0.031,0.114,87,"RF"
"120","Jay Bruce","Reds",56,226,9,20,29,4,0.192,0.254,0.218,0.327,0.409,0.322,101,-0.3,-0.2,-0.8,0.6,2015-06-11,0.142,0.243,101,"RF"
"121","Avisail Garcia","White Sox",50,202,7,26,25,2,0.151,0.369,0.297,0.356,0.449,0.355,127,-2.9,3.1,-5.2,0.5,2015-06-11,0.064,0.238,127,"RF"
"122","Shin-Soo Choo","Rangers",53,236,8,29,29,0,0.179,0.303,0.246,0.335,0.425,0.336,111,-0.8,2.2,-5.7,0.5,2015-06-11,0.093,0.246,111,"RF"
"123","Jorge Soler","Cubs",49,208,4,20,19,0,0.138,0.383,0.265,0.322,0.402,0.314,95,-0.6,-1.7,-1.2,0.4,2015-06-11,0.072,0.322,95,"RF"
"124","Jason Heyward","Cardinals",56,214,5,27,17,6,0.131,0.29,0.251,0.294,0.382,0.295,86,1.1,-2.5,-1.5,0.3,2015-06-11,0.056,0.192,86,"RF"
"125","Mark Trumbo","- - -",52,209,9,23,24,0,0.216,0.273,0.241,0.278,0.457,0.317,95,-1.3,-2.2,-2.8,0.2,2015-06-11,0.048,0.225,95,"RF"
"126","Carlos Gonzalez","Rockies",54,220,6,25,19,2,0.138,0.287,0.251,0.324,0.39,0.314,81,0.2,-4.7,-4,-0.2,2015-06-11,0.1,0.186,81,"RF"
"127","Carlos Beltran","Yankees",49,197,4,15,23,0,0.146,0.279,0.243,0.279,0.389,0.289,81,-0.7,-4.8,-5.1,-0.4,2015-06-11,0.051,0.183,81,"RF"
"128","Matt Kemp","Padres",60,251,2,32,32,6,0.097,0.317,0.249,0.283,0.346,0.276,77,0.9,-5.9,-7.8,-0.6,2015-06-11,0.04,0.227,77,"RF"
"129","Mike Trout","Angels",59,253,16,44,34,8,0.267,0.313,0.285,0.372,0.552,0.388,159,2.5,19.1,3,3.3,2015-06-11,0.111,0.221,159,"CF"
"130","Joc Pederson","Dodgers",59,245,17,35,33,2,0.308,0.297,0.249,0.377,0.557,0.397,156,-0.2,15.9,4.8,3,2015-06-11,0.159,0.302,156,"CF"
"131","A.J. Pollock","Diamondbacks",58,242,8,42,28,14,0.183,0.367,0.326,0.372,0.509,0.382,138,2.5,13.4,3.6,2.6,2015-06-11,0.066,0.165,138,"CF"
"132","Adam Jones","Orioles",56,235,9,30,31,3,0.192,0.328,0.306,0.345,0.498,0.361,133,0.2,8.9,3.3,2.1,2015-06-11,0.043,0.149,133,"CF"
"133","Lorenzo Cain","Royals",52,222,4,37,24,9,0.118,0.335,0.281,0.333,0.399,0.319,105,3.1,4.3,7.9,2.1,2015-06-11,0.059,0.194,105,"CF"
"134","Kevin Kiermaier","Rays",56,189,4,23,13,4,0.169,0.275,0.242,0.282,0.41,0.301,98,1.3,0.8,12.1,2.1,2015-06-11,0.048,0.169,98,"CF"
"135","Andrew McCutchen","Pirates",57,245,8,33,37,3,0.206,0.308,0.292,0.376,0.498,0.374,140,0.8,12.3,-3,1.8,2015-06-11,0.102,0.139,140,"CF"
"136","Charlie Blackmon","Rockies",57,251,7,35,20,13,0.149,0.302,0.266,0.337,0.414,0.332,93,3.4,1.3,4.4,1.4,2015-06-11,0.068,0.179,93,"CF"
"137","Billy Hamilton","Reds",51,219,3,29,17,25,0.086,0.25,0.222,0.264,0.308,0.254,55,6.7,-4.9,11,1.4,2015-06-11,0.055,0.151,55,"CF"
"138","Cameron Maybin","Braves",50,185,5,23,28,10,0.121,0.36,0.303,0.375,0.424,0.355,125,2.4,7.8,-1.3,1.3,2015-06-11,0.097,0.189,125,"CF"
"139","Dexter Fowler","Cubs",56,252,6,41,16,11,0.153,0.306,0.248,0.328,0.401,0.322,100,0.5,0.6,2.2,1.1,2015-06-11,0.099,0.226,100,"CF"
"140","Marcell Ozuna","Marlins",57,239,4,25,23,1,0.11,0.345,0.288,0.339,0.397,0.323,102,1.1,1.7,1,1.1,2015-06-11,0.075,0.192,102,"CF"
"141","Mookie Betts","Red Sox",59,256,5,24,25,10,0.13,0.249,0.234,0.294,0.364,0.29,81,2.9,-2.5,2.3,0.9,2015-06-11,0.078,0.125,81,"CF"
"142","Anthony Gose","Tigers",46,188,1,23,11,8,0.107,0.397,0.288,0.326,0.395,0.317,102,1.1,1.5,-0.4,0.8,2015-06-11,0.053,0.266,102,"CF"
"143","Kevin Pillar","Blue Jays",60,237,4,34,27,8,0.118,0.274,0.24,0.28,0.357,0.28,75,2.6,-4,1.7,0.6,2015-06-11,0.051,0.169,75,"CF"
"144","Angel Pagan","Giants",57,237,0,19,14,4,0.067,0.328,0.281,0.312,0.348,0.291,88,2.1,-1.3,-1.2,0.5,2015-06-11,0.046,0.143,88,"CF"
"145","Juan Lagares","Mets",56,228,2,26,16,4,0.078,0.333,0.272,0.303,0.35,0.286,83,-0.5,-5.1,2.1,0.4,2015-06-11,0.039,0.197,83,"CF"
"146","Leonys Martin","Rangers",50,198,3,20,19,10,0.104,0.291,0.251,0.296,0.355,0.288,78,1.3,-3.6,0.1,0.3,2015-06-11,0.051,0.167,78,"CF"
"147","Odubel Herrera","Phillies",57,213,2,17,17,7,0.115,0.333,0.255,0.286,0.37,0.287,78,0.6,-4.7,-0.7,0.1,2015-06-11,0.038,0.244,78,"CF"
"148","Michael Bourn","Indians",54,202,0,20,14,5,0.056,0.319,0.243,0.315,0.299,0.279,79,0.4,-4.1,-2.8,0,2015-06-11,0.094,0.213,79,"CF"
"149","Adam Eaton","White Sox",53,236,3,31,11,3,0.123,0.273,0.233,0.288,0.356,0.285,78,0.5,-5.3,-5.2,-0.3,2015-06-11,0.064,0.169,78,"CF"
"150","Yoenis Cespedes","Tigers",60,242,9,33,33,3,0.209,0.358,0.302,0.339,0.511,0.364,135,0.6,9.9,3.9,2.4,2015-06-11,0.058,0.223,135,"LF"
"151","Alex Gordon","Royals",53,214,7,22,28,0,0.184,0.305,0.257,0.374,0.441,0.357,132,0.2,7.7,3.7,2,2015-06-11,0.112,0.21,132,"LF"
"152","Nori Aoki","Giants",57,252,2,29,17,12,0.08,0.354,0.333,0.402,0.413,0.364,136,-2,8.7,-1.7,1.6,2015-06-11,0.087,0.067,136,"LF"
"153","Justin Upton","Padres",60,248,12,39,38,12,0.205,0.354,0.291,0.367,0.495,0.372,141,3.4,15.2,-9,1.5,2015-06-11,0.101,0.25,141,"LF"
"154","Michael Brantley","Indians",49,219,4,23,33,7,0.158,0.305,0.3,0.379,0.458,0.362,139,1.3,10.7,-4.5,1.5,2015-06-11,0.119,0.068,139,"LF"
"155","Seth Smith","Mariners",52,183,5,20,16,0,0.228,0.325,0.265,0.339,0.494,0.358,136,0,7.3,-0.3,1.4,2015-06-11,0.098,0.23,136,"LF"
"156","Brett Gardner","Yankees",54,231,5,41,27,14,0.158,0.327,0.276,0.352,0.433,0.346,122,2,7.6,-4.9,1.1,2015-06-11,0.095,0.182,122,"LF"
"157","Matt Holliday","Cardinals",52,218,3,20,26,2,0.118,0.367,0.303,0.417,0.421,0.366,134,-1.8,6.7,-4.3,1,2015-06-11,0.151,0.179,134,"LF"
"158","Starling Marte","Pirates",58,237,12,32,41,11,0.219,0.282,0.251,0.309,0.47,0.336,115,-1,3,-1.9,0.9,2015-06-11,0.059,0.236,115,"LF"
"159","Chris Coghlan","Cubs",57,184,8,20,18,4,0.205,0.252,0.235,0.306,0.44,0.318,98,0.8,0.3,2,0.9,2015-06-11,0.092,0.19,98,"LF"
"160","Michael Cuddyer","Mets",55,223,6,27,24,0,0.136,0.338,0.267,0.323,0.403,0.32,106,0.4,1.9,-1.7,0.8,2015-06-11,0.072,0.247,106,"LF"
"161","Ender Inciarte","Diamondbacks",59,255,2,37,20,8,0.088,0.321,0.292,0.319,0.379,0.306,87,-0.5,-4.3,3.5,0.8,2015-06-11,0.031,0.114,87,"LF"
"162","Ben Revere","Phillies",60,247,0,29,16,12,0.082,0.304,0.27,0.312,0.352,0.293,83,0.9,-4,0.5,0.4,2015-06-11,0.053,0.105,83,"LF"
"163","Marlon Byrd","Reds",47,185,10,22,25,1,0.23,0.225,0.212,0.286,0.442,0.316,97,1.1,0.5,-7.7,-0.2,2015-06-11,0.086,0.249,97,"LF"
"164","Hanley Ramirez","Red Sox",56,229,13,32,32,3,0.209,0.269,0.275,0.319,0.483,0.344,119,-4,0.8,-12.3,-0.4,2015-06-11,0.052,0.148,119,"LF"
"165","Melky Cabrera","White Sox",57,248,1,24,20,0,0.035,0.254,0.23,0.271,0.265,0.241,47,-0.9,-15.5,-0.8,-0.9,2015-06-11,0.056,0.109,47,"LF"
"166","Matt Joyce","Angels",52,186,4,10,17,0,0.138,0.223,0.186,0.259,0.323,0.258,68,-2.1,-8.8,-7.7,-1.1,2015-06-11,0.081,0.231,68,"LF"
"167","Nelson Cruz","Mariners",58,244,18,33,39,1,0.281,0.382,0.326,0.381,0.607,0.42,180,-0.4,21.2,-10.6,2,2015-06-11,0.078,0.254,180,"DH"
"168","Jose Bautista","Blue Jays",54,228,11,40,37,3,0.265,0.259,0.254,0.39,0.519,0.391,153,0.5,13.8,-3.6,1.9,2015-06-11,0.18,0.171,153,"DH"
"169","Prince Fielder","Rangers",58,258,10,27,42,0,0.185,0.37,0.349,0.407,0.534,0.403,159,-1.5,15.4,-9.8,1.5,2015-06-11,0.066,0.124,159,"DH"
"170","Alex Rodriguez","Yankees",56,233,11,34,29,0,0.235,0.307,0.27,0.373,0.505,0.379,145,0.5,12.2,-6,1.5,2015-06-11,0.124,0.219,145,"DH"
"171","Seth Smith","Mariners",52,183,5,20,16,0,0.228,0.325,0.265,0.339,0.494,0.358,136,0,7.3,-0.3,1.4,2015-06-11,0.098,0.23,136,"DH"
"172","Kendrys Morales","Royals",57,238,7,33,41,0,0.181,0.316,0.287,0.349,0.468,0.353,129,-0.3,7.2,-6,1,2015-06-11,0.08,0.151,129,"DH"
"173","Jimmy Paredes","Orioles",44,186,6,24,26,3,0.175,0.374,0.294,0.323,0.469,0.342,120,2.1,6.2,-4.6,0.8,2015-06-11,0.043,0.263,120,"DH"
"174","Adam LaRoche","White Sox",55,221,8,25,24,0,0.176,0.322,0.246,0.362,0.422,0.35,123,-0.7,5,-5.3,0.8,2015-06-11,0.145,0.276,123,"DH"
"175","Edwin Encarnacion","Blue Jays",57,233,13,33,36,1,0.233,0.228,0.228,0.313,0.46,0.335,114,-0.6,3,-4.8,0.6,2015-06-11,0.112,0.206,114,"DH"
"176","Evan Gattis","Astros",58,228,12,26,38,0,0.23,0.245,0.226,0.254,0.456,0.303,94,-1.1,-2.6,-5.9,-0.1,2015-06-11,0.039,0.246,94,"DH"
"177","David Ortiz","Red Sox",52,222,6,16,21,0,0.153,0.234,0.219,0.297,0.372,0.285,77,-1.2,-6.7,-5.5,-0.5,2015-06-11,0.104,0.158,77,"DH"
"178","Billy Butler","Athletics",60,257,4,24,29,0,0.097,0.281,0.25,0.3,0.347,0.285,84,-2.6,-7.1,-6.7,-0.6,2015-06-11,0.062,0.152,84,"DH"
